开彩日期,开彩日,彩号,秦庄,彩金,抽奖,史记秦本纪,史记楚辞,史记秦庄
2023-03-15,,7653,多多,特别奖,,海洋,Ocean,萬能
2023-03-15,,7653,多多,特别奖,,英文字典,English Dictionary,多多
2023-03-15,,7653,多多,特别奖,,纸杯,Paper Cup,大馬彩
2023-01-08,,7653,大馬彩,特别奖,,海洋,Ocean,萬能
2023-01-08,,7653,大馬彩,特别奖,,英文字典,English Dictionary,多多
2023-01-08,,7653,大馬彩,特别奖,,纸杯,Paper Cup,大馬彩
2022-09-21,,7653,多多,特别奖,,海洋,Ocean,萬能
2022-09-21,,7653,多多,特别奖,,英文字典,English Dictionary,多多
2022-09-21,,7653,多多,特别奖,,纸杯,Paper Cup,大馬彩
2020-03-14,,7653,星池,特别奖,,海洋,Ocean,萬能
2020-03-14,,7653,星池,特别奖,,英文字典,English Dictionary,多多
2020-03-14,,7653,星池,特别奖,,纸杯,Paper Cup,大馬彩
2019-11-03,,7653,萬能,特别奖,,海洋,Ocean,萬能
2019-11-03,,7653,萬能,特别奖,,英文字典,English Dictionary,多多
2019-11-03,,7653,萬能,特别奖,,纸杯,Paper Cup,大馬彩
2019-09-25,,7653,大馬彩,特别奖,,海洋,Ocean,萬能
2019-09-25,,7653,大馬彩,特别奖,,英文字典,English Dictionary,多多
2019-09-25,,7653,大馬彩,特别奖,,纸杯,Paper Cup,大馬彩
2017-10-25,,7653,大馬彩,特别奖,,海洋,Ocean,萬能
2017-10-25,,7653,大馬彩,特别奖,,英文字典,English Dictionary,多多
2017-10-25,,7653,大馬彩,特别奖,,纸杯,Paper Cup,大馬彩
2017-08-02,,7653,星池,特别奖,,海洋,Ocean,萬能
2017-08-02,,7653,星池,特别奖,,英文字典,English Dictionary,多多
2017-08-02,,7653,星池,特别奖,,纸杯,Paper Cup,大馬彩
2017-07-30,,7653,多多,二奖,,海洋,Ocean,萬能
2017-07-30,,7653,多多,二奖,,英文字典,English Dictionary,多多
2017-07-30,,7653,多多,二奖,,纸杯,Paper Cup,大馬彩
2017-06-03,,7653,萬能,特别奖,,海洋,Ocean,萬能
2017-06-03,,7653,萬能,特别奖,,英文字典,English Dictionary,多多
2017-06-03,,7653,萬能,特别奖,,纸杯,Paper Cup,大馬彩
2017-04-22,,7653,萬能,首奖,,海洋,Ocean,萬能
2017-04-22,,7653,萬能,首奖,,英文字典,English Dictionary,多多
2017-04-22,,7653,萬能,首奖,,纸杯,Paper Cup,大馬彩
2017-03-28,,7653,萬能,特别奖,,海洋,Ocean,萬能
2017-03-28,,7653,萬能,特别奖,,英文字典,English Dictionary,多多
2017-03-28,,7653,萬能,特别奖,,纸杯,Paper Cup,大馬彩
2017-03-22,,7653,大馬彩,特别奖,,海洋,Ocean,萬能
2017-03-22,,7653,大馬彩,特别奖,,英文字典,English Dictionary,多多
2017-03-22,,7653,大馬彩,特别奖,,纸杯,Paper Cup,大馬彩
2017-02-28,,7653,大馬彩,三奖,,海洋,Ocean,萬能
2017-02-28,,7653,大馬彩,三奖,,英文字典,English Dictionary,多多
2017-02-28,,7653,大馬彩,三奖,,纸杯,Paper Cup,大馬彩
2016-10-01,,7653,星池,特别奖,,海洋,Ocean,萬能
2016-10-01,,7653,星池,特别奖,,英文字典,English Dictionary,多多
2016-10-01,,7653,星池,特别奖,,纸杯,Paper Cup,大馬彩
2016-07-02,,7653,多多,特别奖,,海洋,Ocean,萬能
2016-07-02,,7653,多多,特别奖,,英文字典,English Dictionary,多多
2016-07-02,,7653,多多,特别奖,,纸杯,Paper Cup,大馬彩
2016-04-20,,7653,多多,安慰奖,,海洋,Ocean,萬能
2016-04-20,,7653,多多,安慰奖,,英文字典,English Dictionary,多多
2016-04-20,,7653,多多,安慰奖,,纸杯,Paper Cup,大馬彩
2016-01-27,,7653,萬能,安慰奖,,海洋,Ocean,萬能
2016-01-27,,7653,萬能,安慰奖,,英文字典,English Dictionary,多多
2016-01-27,,7653,萬能,安慰奖,,纸杯,Paper Cup,大馬彩
2015-10-25,,7653,星池,安慰奖,,海洋,Ocean,萬能
2015-10-25,,7653,星池,安慰奖,,英文字典,English Dictionary,多多
2015-10-25,,7653,星池,安慰奖,,纸杯,Paper Cup,大馬彩
2014-11-25,,7653,萬能,安慰奖,,海洋,Ocean,萬能
2014-11-25,,7653,萬能,安慰奖,,英文字典,English Dictionary,多多
2014-11-25,,7653,萬能,安慰奖,,纸杯,Paper Cup,大馬彩
2014-11-04,,7653,多多,特别奖,,海洋,Ocean,萬能
2014-11-04,,7653,多多,特别奖,,英文字典,English Dictionary,多多
2014-11-04,,7653,多多,特别奖,,纸杯,Paper Cup,大馬彩
2013-10-13,,7653,多多,特别奖,,海洋,Ocean,萬能
2013-10-13,,7653,多多,特别奖,,英文字典,English Dictionary,多多
2013-10-13,,7653,多多,特别奖,,纸杯,Paper Cup,大馬彩
2013-08-24,,7653,萬能,特别奖,,海洋,Ocean,萬能
2013-08-24,,7653,萬能,特别奖,,英文字典,English Dictionary,多多
2013-08-24,,7653,萬能,特别奖,,纸杯,Paper Cup,大馬彩
2013-07-07,,7653,星池,安慰奖,,海洋,Ocean,萬能
2013-07-07,,7653,星池,安慰奖,,英文字典,English Dictionary,多多
2013-07-07,,7653,星池,安慰奖,,纸杯,Paper Cup,大馬彩
2013-04-13,,7653,星池,三奖,,海洋,Ocean,萬能
2013-04-13,,7653,星池,三奖,,英文字典,English Dictionary,多多
2013-04-13,,7653,星池,三奖,,纸杯,Paper Cup,大馬彩
2012-11-03,,7653,大馬彩,特别奖,,海洋,Ocean,萬能
2012-11-03,,7653,大馬彩,特别奖,,英文字典,English Dictionary,多多
2012-11-03,,7653,大馬彩,特别奖,,纸杯,Paper Cup,大馬彩
2012-08-11,,7653,萬能,二奖,,海洋,Ocean,萬能
2012-08-11,,7653,萬能,二奖,,英文字典,English Dictionary,多多
2012-08-11,,7653,萬能,二奖,,纸杯,Paper Cup,大馬彩
2012-03-04,,7653,星池,特别奖,,海洋,Ocean,萬能
2012-03-04,,7653,星池,特别奖,,英文字典,English Dictionary,多多
2012-03-04,,7653,星池,特别奖,,纸杯,Paper Cup,大馬彩
2011-11-06,,7653,多多,首奖,,海洋,Ocean,萬能
2011-11-06,,7653,多多,首奖,,英文字典,English Dictionary,多多
2011-11-06,,7653,多多,首奖,,纸杯,Paper Cup,大馬彩
2009-08-01,,7653,萬能,安慰奖,,海洋,Ocean,萬能
2009-08-01,,7653,萬能,安慰奖,,英文字典,English Dictionary,多多
2009-08-01,,7653,萬能,安慰奖,,纸杯,Paper Cup,大馬彩
2007-02-07,,7653,多多,安慰奖,,海洋,Ocean,萬能
2007-02-07,,7653,多多,安慰奖,,英文字典,English Dictionary,多多
2007-02-07,,7653,多多,安慰奖,,纸杯,Paper Cup,大馬彩
2003-06-28,,7653,萬能,特别奖,,海洋,Ocean,萬能
2003-06-28,,7653,萬能,特别奖,,英文字典,English Dictionary,多多
2003-06-28,,7653,萬能,特别奖,,纸杯,Paper Cup,大馬彩
2002-11-09,,7653,多多,安慰奖,,海洋,Ocean,萬能
2002-11-09,,7653,多多,安慰奖,,英文字典,English Dictionary,多多
2002-11-09,,7653,多多,安慰奖,,纸杯,Paper Cup,大馬彩
2002-08-21,,7653,大馬彩,特别奖,,海洋,Ocean,萬能
2002-08-21,,7653,大馬彩,特别奖,,英文字典,English Dictionary,多多
2002-08-21,,7653,大馬彩,特别奖,,纸杯,Paper Cup,大馬彩
2002-04-27,,7653,多多,首奖,,海洋,Ocean,萬能
2002-04-27,,7653,多多,首奖,,英文字典,English Dictionary,多多
2002-04-27,,7653,多多,首奖,,纸杯,Paper Cup,大馬彩
2001-05-02,,7653,大馬彩,特别奖,,海洋,Ocean,萬能
2001-05-02,,7653,大馬彩,特别奖,,英文字典,English Dictionary,多多
2001-05-02,,7653,大馬彩,特别奖,,纸杯,Paper Cup,大馬彩
2000-03-04,,7653,多多,特别奖,,海洋,Ocean,萬能
2000-03-04,,7653,多多,特别奖,,英文字典,English Dictionary,多多
2000-03-04,,7653,多多,特别奖,,纸杯,Paper Cup,大馬彩
1999-11-02,,7653,多多,安慰奖,,海洋,Ocean,萬能
1999-11-02,,7653,多多,安慰奖,,英文字典,English Dictionary,多多
1999-11-02,,7653,多多,安慰奖,,纸杯,Paper Cup,大馬彩
1998-06-14,,7653,大馬彩,特别奖,,海洋,Ocean,萬能
1998-06-14,,7653,大馬彩,特别奖,,英文字典,English Dictionary,多多
1998-06-14,,7653,大馬彩,特别奖,,纸杯,Paper Cup,大馬彩
1997-12-07,,7653,萬能,特别奖,,海洋,Ocean,萬能
1997-12-07,,7653,萬能,特别奖,,英文字典,English Dictionary,多多
1997-12-07,,7653,萬能,特别奖,,纸杯,Paper Cup,大馬彩
1997-09-17,,7653,大馬彩,安慰奖,,海洋,Ocean,萬能
1997-09-17,,7653,大馬彩,安慰奖,,英文字典,English Dictionary,多多
1997-09-17,,7653,大馬彩,安慰奖,,纸杯,Paper Cup,大馬彩
1996-02-14,,7653,多多,首奖,,海洋,Ocean,萬能
1996-02-14,,7653,多多,首奖,,英文字典,English Dictionary,多多
1996-02-14,,7653,多多,首奖,,纸杯,Paper Cup,大馬彩
1994-04-18,,7653,萬能,特别奖,,海洋,Ocean,萬能
1994-04-18,,7653,萬能,特别奖,,英文字典,English Dictionary,多多
1994-04-18,,7653,萬能,特别奖,,纸杯,Paper Cup,大馬彩
1993-07-04,,7653,大馬彩,安慰奖,,海洋,Ocean,萬能
1993-07-04,,7653,大馬彩,安慰奖,,英文字典,English Dictionary,多多
1993-07-04,,7653,大馬彩,安慰奖,,纸杯,Paper Cup,大馬彩
1988-08-20,,7653,萬能,特别奖,,海洋,Ocean,萬能
1988-08-20,,7653,萬能,特别奖,,英文字典,English Dictionary,多多
1988-08-20,,7653,萬能,特别奖,,纸杯,Paper Cup,大馬彩
